Estado,Populacao_milhoes,PIB_bilhoes_R,PIB_per_capita_R,Crescimento_consumo_2024_percent,Classe_C_percent,E_commerce_penetracao_percent,Potencial_Consumo_bilhoes_R,Mercado_Ecommerce_bilhoes_R,Potencial_2030,Score_Atratividade
Bahia,14.9,352.6,23663,3.2,42,18,229.19000000000003,41.2542,49.83636448683614,94.6717327616204
Pernambuco,9.6,220.8,23001,2.8,38,22,143.52,31.5744,37.26437095514976,88.16070848501471
Ceará,9.2,194.9,21204,2.5,40,20,126.685,25.337,29.38315213725999,80.78852601709806
Maranhão,7.1,125.0,17599,2.1,35,15,81.25,12.1875,13.806038534502965,64.71174907825377
Rio Grande do Norte,3.3,80.2,24297,2.9,41,21,52.13,10.9473,12.995687759515281,80.94941656497863
Paraíba,4.1,77.5,18895,2.4,37,18,50.375,9.0675,10.454115743022587,68.03794190501452
Alagoas,3.4,76.3,22431,2.6,39,19,49.595,9.42305,10.991973183815183,74.16317933348607
Sergipe,2.3,51.9,22548,2.7,40,20,33.735,6.747000000000001,7.91650283699278,74.74874518202932
Piauí,3.3,64.0,19403,2.2,36,16,41.6,6.656000000000001,7.5843556164491455,63.75612705954027
